age,sex,trestbps,chol,fbs,thalch,exang,oldpeak,target,cp_atypical angina,cp_non-anginal,cp_typical angina,restecg_normal,restecg_st-t abnormality,slope_flat,slope_upsloping,thal_normal,thal_reversable defect
63,1,145.0,233.0,1,150,0,2.3,0,False,False,True,False,False,False,False,False,False
41,1,135.0,203.0,0,132,0,0.0,0,True,False,False,True,False,True,False,False,False
57,1,140.0,192.0,0,148,0,0.4,0,False,False,False,True,False,True,False,False,False
52,1,118.0,186.0,0,190,0,0.0,0,False,False,True,False,False,True,False,False,False
57,1,110.0,201.0,0,126,0,1.5,0,False,False,False,True,False,True,False,False,False
66,1,160.0,228.0,0,138,0,2.3,0,False,False,False,False,False,False,True,False,False
56,1,130.0,276.0,0,128,0,1.0,0,False,True,False,True,False,False,True,False,False
48,1,110.0,211.0,0,138,0,0.0,0,False,True,False,True,False,False,False,False,False
57,1,140.0,260.0,1,140,0,0.0,0,True,False,False,True,False,False,False,False,False
53,1,155.0,175.0,1,160,0,0.5,0,False,True,False,False,True,False,True,False,False
30,0,170.0,237.0,0,170,0,0.0,0,False,False,True,False,True,False,False,False,False
66,0,150.0,226.0,0,114,0,2.6,0,False,False,True,True,False,False,False,True,False
54,1,125.0,273.0,0,152,0,0.5,0,False,True,False,False,False,False,False,True,False
53,1,130.0,197.0,1,152,0,1.2,0,False,True,False,False,False,False,False,True,False
56,1,120.0,240.0,0,169,0,0.0,0,True,False,False,True,False,False,False,True,False
37,1,130.0,250.0,0,187,0,3.5,0,False,True,False,True,False,False,False,True,False
46,0,142.0,177.0,0,160,0,1.4,0,False,True,False,False,False,False,False,True,False
68,0,120.0,211.0,0,115,0,1.5,0,False,True,False,False,False,True,False,True,False
76,0,140.0,197.0,0,116,0,1.1,0,False,True,False,False,True,True,False,True,False
58,0,100.0,248.0,0,122,0,1.0,0,False,False,False,False,False,True,False,True,False
42,0,102.0,265.0,0,122,0,0.6,0,False,False,False,False,False,True,False,True,False
64,0,130.0,303.0,0,122,0,2.0,0,False,False,False,True,False,True,False,True,False
71,0,112.0,149.0,0,125,0,1.6,0,False,False,False,True,False,True,False,True,False
69,1,160.0,234.0,1,131,0,0.1,0,False,False,True,False,False,True,False,True,False
58,0,130.0,197.0,0,131,0,0.6,0,False,False,False,True,False,True,False,True,False
45,0,112.0,160.0,0,138,0,0.0,0,True,False,False,True,False,True,False,True,False
53,0,130.0,264.0,0,143,0,0.4,0,False,False,False,False,False,True,False,True,False
44,0,118.0,242.0,0,149,0,0.3,0,False,True,False,True,False,True,False,True,False
66,1,120.0,302.0,0,151,0,0.4,0,False,False,False,False,False,True,False,True,False
66,0,146.0,278.0,0,152,0,0.0,0,False,True,False,False,False,True,False,True,False
39,0,138.0,220.0,0,152,0,0.0,0,False,True,False,True,False,True,False,True,False
56,0,140.0,294.0,0,153,0,1.3,0,True,False,False,False,False,True,False,True,False
62,0,140.0,394.0,0,157,0,1.2,0,False,False,False,False,False,True,False,True,False
54,0,110.0,214.0,0,158,0,1.6,0,False,True,False,True,False,True,False,True,False
50,0,120.0,219.0,0,158,0,1.6,0,False,True,False,True,False,True,False,True,False
55,0,135.0,250.0,0,161,0,1.4,0,True,False,False,False,False,True,False,True,False
49,0,134.0,271.0,0,162,0,0.0,0,True,False,False,True,False,True,False,True,False
37,1,118.0,240.0,0,165,0,1.0,0,False,True,False,False,False,True,False,True,False
43,0,122.0,213.0,0,165,0,0.2,0,False,True,False,True,False,True,False,True,False
51,1,125.0,245.0,1,166,0,2.4,0,False,True,False,False,False,True,False,True,False
41,1,130.0,214.0,0,168,0,2.0,0,False,True,False,False,False,True,False,True,False
52,0,136.0,196.0,0,169,0,0.1,0,False,True,False,False,False,True,False,True,False
42,0,120.0,209.0,0,173,0,0.0,0,False,True,False,True,False,True,False,True,False
45,0,130.0,234.0,0,175,0,0.6,0,True,False,False,False,False,True,False,True,False
44,0,108.0,141.0,0,175,0,0.6,0,False,True,False,True,False,True,False,True,False
48,1,130.0,245.0,0,180,0,0.2,0,True,False,False,False,False,True,False,True,False
43,1,115.0,303.0,0,181,0,1.2,0,False,False,False,True,False,True,False,True,False
36,1,112.0,340.0,0,184,0,1.0,0,False,True,False,True,False,True,False,True,False
59,1,130.0,318.0,0,120,0,1.0,0,False,True,False,True,False,True,False,True,False
61,1,150.0,243.0,1,137,0,1.0,0,False,True,False,True,False,True,False,True,False
46,1,110.0,238.0,0,140,0,1.0,0,False,False,False,False,True,True,False,True,False
51,1,100.0,222.0,0,143,0,1.2,0,False,True,False,True,False,True,False,True,False
64,1,110.0,211.0,0,144,0,1.8,0,False,False,True,False,False,True,False,True,False
45,1,104.0,208.0,0,148,0,3.0,0,False,False,False,False,False,True,False,True,False
45,0,138.0,236.0,0,152,0,0.2,0,False,False,False,False,False,True,False,True,False
46,0,138.0,243.0,0,152,0,0.0,0,False,False,False,False,False,True,False,True,False
60,0,120.0,178.0,1,96,0,0.0,0,False,True,False,True,False,False,True,True,False
51,1,110.0,175.0,0,123,0,0.6,0,False,True,False,True,False,False,True,True,False
71,0,110.0,265.0,1,130,0,0.0,0,False,True,False,False,False,False,True,True,False
48,0,130.0,275.0,0,139,0,0.2,0,False,True,False,True,False,False,True,True,False
62,1,128.0,208.0,1,140,0,0.0,0,True,False,False,False,False,False,True,True,False
51,0,140.0,308.0,0,142,0,1.5,0,False,True,False,False,False,False,True,True,False
67,0,106.0,223.0,0,142,0,0.3,0,False,False,False,True,False,False,True,True,False
70,1,156.0,245.0,0,143,0,0.0,0,True,False,False,False,False,False,True,True,False
47,1,112.0,204.0,0,143,0,0.1,0,False,False,False,True,False,False,True,True,False
65,0,155.0,269.0,0,148,0,0.8,0,False,True,False,True,False,False,True,True,False
51,0,130.0,256.0,0,149,0,0.5,0,False,True,False,False,False,False,True,True,False
42,1,130.0,180.0,0,150,0,0.0,0,False,True,False,True,False,False,True,True,False
65,0,160.0,360.0,0,151,0,0.8,0,False,True,False,False,False,False,True,True,False
69,0,140.0,239.0,0,151,0,1.8,0,False,False,True,True,False,False,True,True,False
41,1,110.0,235.0,0,153,0,0.0,0,True,False,False,True,False,False,True,True,False
55,1,130.0,262.0,0,155,0,0.0,0,True,False,False,True,False,False,True,True,False
47,1,138.0,257.0,0,156,0,0.0,0,False,True,False,False,False,False,True,True,False
51,0,120.0,295.0,0,157,0,0.6,0,False,True,False,False,False,False,True,True,False
65,0,140.0,417.0,1,157,0,0.8,0,False,True,False,False,False,False,True,True,False
59,1,150.0,212.0,1,157,0,1.6,0,False,True,False,True,False,False,True,True,False
52,1,134.0,201.0,0,158,0,0.8,0,True,False,False,True,False,False,True,True,False
50,0,110.0,254.0,0,159,0,0.0,0,False,False,False,False,False,False,True,True,False
57,0,128.0,303.0,0,159,0,0.0,0,False,False,False,False,False,False,True,True,False
53,0,138.0,234.0,0,160,0,0.0,0,False,False,False,False,False,False,True,True,False
54,1,140.0,239.0,0,160,0,1.2,0,False,False,False,True,False,False,True,True,False
60,0,102.0,318.0,0,160,0,0.0,0,False,True,False,True,False,False,True,True,False
58,0,150.0,283.0,1,162,0,1.0,0,False,False,True,False,False,False,True,True,False
50,0,120.0,244.0,0,162,0,1.1,0,True,False,False,True,False,False,True,True,False
42,1,120.0,295.0,0,162,0,0.0,0,True,False,False,True,False,False,True,True,False
71,0,160.0,302.0,0,162,0,0.4,0,True,False,False,True,False,False,True,True,False
43,1,130.0,315.0,0,162,0,1.9,0,False,True,False,True,False,False,True,True,False
50,1,129.0,196.0,0,163,0,0.0,0,False,True,False,True,False,False,True,True,False
54,0,160.0,201.0,0,163,0,0.0,0,False,True,False,True,False,False,True,True,False
62,0,124.0,209.0,0,163,0,0.0,0,False,False,False,True,False,False,True,True,False
49,0,130.0,269.0,0,163,0,0.0,0,False,False,False,True,False,False,True,True,False
41,0,126.0,306.0,0,163,0,0.0,0,True,False,False,True,False,False,True,True,False
58,1,140.0,211.0,1,165,0,0.0,0,False,True,False,False,False,False,True,True,False
55,0,132.0,342.0,0,166,0,1.2,0,True,False,False,True,False,False,True,True,False
54,0,108.0,267.0,0,167,0,0.0,0,False,True,False,False,False,False,True,True,False
41,0,105.0,198.0,0,168,0,0.0,0,True,False,False,True,False,False,True,True,False
52,1,138.0,223.0,0,169,0,0.0,0,False,True,False,True,False,False,True,True,False
44,1,120.0,226.0,0,169,0,0.0,0,False,True,False,True,False,False,True,True,False
45,1,128.0,308.0,0,170,0,0.0,0,True,False,False,False,False,False,True,True,False
37,0,120.0,215.0,0,170,0,0.0,0,False,True,False,True,False,False,True,True,False
44,1,120.0,220.0,0,170,0,0.0,0,True,False,False,True,False,False,True,True,False
54,0,135.0,304.0,1,170,0,0.0,0,False,True,False,True,False,False,True,True,False
60,0,150.0,240.0,0,171,0,0.9,0,False,False,True,True,False,False,True,True,False
43,1,150.0,247.0,0,171,0,1.5,0,False,False,False,True,False,False,True,True,False
49,1,130.0,266.0,0,171,0,0.6,0,True,False,False,True,False,False,True,True,False
41,0,130.0,204.0,0,172,0,1.4,0,True,False,False,False,False,False,True,True,False
63,0,135.0,252.0,0,172,0,0.0,0,False,True,False,False,False,False,True,True,False
46,0,105.0,204.0,0,172,0,0.0,0,True,False,False,True,False,False,True,True,False
67,0,152.0,277.0,0,172,0,0.0,0,False,True,False,True,False,False,True,True,False
52,1,120.0,325.0,0,172,0,0.2,0,True,False,False,True,False,False,True,True,False
58,0,120.0,340.0,0,172,0,0.0,0,False,True,False,True,False,False,True,True,False
53,1,130.0,246.0,1,173,0,0.0,0,False,True,False,False,False,False,True,True,False
38,1,138.0,175.0,0,173,0,0.0,0,False,True,False,True,False,False,True,True,False
34,1,118.0,182.0,0,174,0,0.0,0,False,False,True,False,False,False,True,True,False
57,1,150.0,168.0,0,174,0,1.6,0,False,True,False,True,False,False,True,True,False
35,1,122.0,192.0,0,174,0,0.0,0,True,False,False,True,False,False,True,True,False
48,1,124.0,255.0,1,175,0,0.0,0,False,True,False,True,False,False,True,True,False
42,1,148.0,244.0,0,178,0,0.8,0,False,False,True,False,False,False,True,True,False
42,1,140.0,226.0,0,178,0,0.0,0,False,False,False,True,False,False,True,True,False
56,1,120.0,236.0,0,178,0,0.8,0,True,False,False,True,False,False,True,True,False
63,0,140.0,195.0,0,179,0,0.0,0,True,False,False,True,False,False,True,True,False
39,0,94.0,199.0,0,179,0,0.0,0,False,True,False,True,False,False,True,True,False
41,1,112.0,250.0,0,179,0,0.0,0,False,True,False,True,False,False,True,True,False
47,1,130.0,253.0,0,179,0,0.0,0,False,True,False,True,False,False,True,True,False
44,1,140.0,235.0,0,180,0,0.0,0,False,True,False,False,False,False,True,True,False
59,1,138.0,271.0,0,182,0,0.0,0,False,False,False,False,False,False,True,True,False
39,1,140.0,321.0,0,182,0,0.0,0,False,True,False,False,False,False,True,True,False
41,1,120.0,157.0,0,182,0,0.0,0,True,False,False,True,False,False,True,True,False
35,0,138.0,183.0,0,182,0,1.4,0,False,False,False,True,False,False,True,True,False
52,1,128.0,205.0,1,184,0,0.0,0,True,False,False,True,False,False,True,True,False
45,1,115.0,260.0,0,185,0,0.0,0,False,False,False,False,False,False,True,True,False
48,1,122.0,222.0,0,186,0,0.0,0,False,False,False,False,False,False,True,True,False
44,1,130.0,219.0,0,188,0,0.0,0,True,False,False,False,False,False,True,True,False
34,0,118.0,210.0,0,192,0,0.7,0,True,False,False,True,False,False,True,True,False
29,1,130.0,204.0,0,202,0,0.0,0,True,False,False,False,False,False,True,True,False
74,0,120.0,269.0,0,121,0,0.2,0,True,False,False,False,False,False,True,True,False
51,1,125.0,213.0,0,125,0,1.4,0,False,False,True,False,False,False,True,True,False
64,0,180.0,325.0,0,154,0,0.0,0,False,False,False,True,False,False,True,True,False
54,0,132.0,288.0,1,159,0,0.0,0,True,False,False,False,False,False,True,True,False
57,0,120.0,354.0,0,163,0,0.6,0,False,False,False,True,False,False,True,True,False
59,1,140.0,221.0,0,164,0,0.0,0,True,False,False,True,False,False,True,True,False
41,0,112.0,268.0,0,172,0,0.0,0,False,True,False,False,False,False,True,True,False
44,1,130.0,233.0,0,179,0,0.4,0,False,True,False,True,False,False,True,True,False
51,1,140.0,261.0,0,186,0,0.0,0,False,False,False,False,False,False,True,True,False
46,1,110.0,240.0,0,140,0,0.0,0,False,False,False,False,True,True,False,True,False
37,1,120.0,223.0,0,168,0,0.0,0,False,False,False,True,False,False,False,True,False
50,1,140.0,216.0,0,170,0,0.0,0,True,False,False,True,False,True,False,True,False
43,0,150.0,439.0,0,175,0,0.0,0,False,True,False,True,False,False,True,True,False
68,1,134.0,254.0,1,151,0,0.0,0,False,True,False,True,False,True,False,True,False
59,1,178.0,270.0,0,145,0,4.2,0,False,False,True,False,False,False,False,False,True
42,1,120.0,240.0,1,194,0,0.8,0,False,True,False,True,False,False,False,False,True
75,1,160.0,310.0,1,112,0,2.0,0,False,False,False,True,False,False,False,False,True
56,1,120.0,240.0,0,97,0,0.0,0,False,True,False,True,False,True,False,False,True
58,1,125.0,220.0,0,144,0,0.4,0,True,False,False,True,False,True,False,False,True
62,1,130.0,231.0,0,146,0,1.8,0,False,True,False,True,False,True,False,False,True
54,1,120.0,258.0,0,147,0,0.4,0,False,True,False,False,False,True,False,False,True
64,1,170.0,227.0,0,155,0,0.6,0,False,False,True,False,False,True,False,False,True
67,0,115.0,564.0,0,160,0,1.6,0,False,True,False,False,False,True,False,False,True
59,1,135.0,234.0,0,161,0,0.5,0,False,False,False,True,False,True,False,False,True
56,1,120.0,193.0,0,162,0,1.9,0,False,False,True,False,False,True,False,False,True
52,1,152.0,298.0,1,178,0,1.2,0,False,False,True,True,False,True,False,False,True
64,1,128.0,263.0,0,105,0,0.2,0,False,False,False,True,False,True,False,False,True
58,1,105.0,240.0,0,154,0,0.6,0,False,True,False,False,False,True,False,False,True
64,0,140.0,313.0,0,133,0,0.2,0,False,True,False,True,False,False,True,False,True
65,1,120.0,177.0,0,140,0,0.4,0,False,False,False,True,False,False,True,False,True
52,1,108.0,233.0,1,147,0,0.1,0,False,False,False,True,False,False,True,False,True
68,1,118.0,277.0,0,151,0,1.0,0,False,True,False,True,False,False,True,False,True
54,1,108.0,309.0,0,156,0,0.0,0,True,False,False,True,False,False,True,False,True
46,1,101.0,197.0,1,156,0,0.0,0,True,False,False,True,False,False,True,False,True
43,1,110.0,211.0,0,161,0,0.0,0,False,False,False,True,False,False,True,False,True
52,1,172.0,199.0,1,162,0,0.5,0,False,True,False,True,False,False,True,False,True
56,1,130.0,221.0,0,163,0,0.0,0,True,False,False,False,False,False,True,False,True
54,1,150.0,232.0,0,165,0,1.6,0,False,True,False,False,False,False,True,False,True
44,1,120.0,263.0,0,173,0,0.0,0,True,False,False,True,False,False,True,False,True
57,1,150.0,126.0,1,173,0,0.2,0,False,True,False,True,False,False,True,False,True
53,1,142.0,226.0,0,111,0,0.0,0,False,False,False,False,False,False,True,False,True
60,1,120.0,240.0,0,133,0,2.0,0,False,False,False,True,False,False,True,False,True
51,1,94.0,227.0,0,154,0,0.0,0,False,True,False,True,False,False,True,False,True
57,1,132.0,207.0,0,168,0,0.0,0,False,False,False,True,False,False,True,False,True
40,1,140.0,199.0,0,178,0,1.4,0,False,False,True,True,False,False,True,False,True
51,1,130.0,179.0,0,100,0,0.0,0,False,False,False,True,False,True,False,False,True
55,1,120.0,256.0,1,137,0,0.0,0,True,False,False,True,False,False,True,False,True
55,1,140.0,196.0,0,150,0,0.0,0,True,False,False,True,False,False,False,False,True
56,0,130.0,219.0,0,164,0,0.0,0,False,True,False,False,True,True,False,False,True
40,1,106.0,240.0,0,80,0,0.0,0,False,True,False,True,False,False,False,False,True
60,1,152.0,240.0,0,118,0,0.0,0,False,False,False,False,True,False,True,False,True
61,0,140.0,298.0,1,120,0,0.0,0,True,False,False,True,False,True,False,False,True
58,1,132.0,458.0,1,69,0,1.0,0,False,False,False,True,False,False,False,True,False
63,1,126.0,240.0,0,120,0,1.5,0,False,False,False,False,True,False,False,False,False
53,1,130.0,240.0,1,120,0,0.7,0,True,False,False,False,True,False,False,True,False
53,1,80.0,240.0,1,141,0,2.0,0,False,False,False,True,False,False,False,True,False
57,0,130.0,308.0,0,98,0,1.0,0,False,False,True,True,False,True,False,True,False
72,1,160.0,240.0,0,114,0,1.6,0,False,True,False,False,False,True,False,False,True
59,0,130.0,188.0,0,124,0,1.0,0,True,False,False,True,False,True,False,False,False
64,1,130.0,223.0,0,128,0,0.5,0,False,False,False,False,True,True,False,True,False
49,1,120.0,297.0,0,132,0,1.0,0,False,False,False,True,False,True,False,True,False
44,1,120.0,184.0,0,142,0,1.0,0,True,False,False,True,False,True,False,True,False
47,0,130.0,128.0,0,145,0,2.0,0,False,True,False,True,False,True,False,True,False
54,0,120.0,273.0,0,150,0,1.5,0,True,False,False,True,False,True,False,True,False
63,1,130.0,240.0,1,160,0,3.0,0,False,True,False,False,True,True,False,False,True
56,1,124.0,224.0,1,161,0,2.0,0,True,False,False,True,False,True,False,False,True
57,1,130.0,207.0,0,96,0,1.0,0,False,False,False,False,True,True,False,True,False
66,1,110.0,213.0,1,99,0,1.3,0,False,True,False,False,False,True,False,False,False
55,1,140.0,229.0,0,110,0,0.5,0,False,False,False,True,False,True,False,True,False
50,0,120.0,328.0,0,110,0,1.0,0,False,False,False,True,False,True,False,True,False
53,1,124.0,260.0,0,112,0,3.0,0,False,False,False,False,True,True,False,False,True
61,0,130.0,294.0,0,120,0,1.0,0,False,False,False,False,True,True,False,False,True
57,0,180.0,347.0,0,126,0,0.8,0,False,False,False,False,True,True,False,False,True
41,1,150.0,171.0,0,128,0,1.5,0,False,False,False,True,False,True,False,True,False
48,0,150.0,227.0,0,130,0,1.0,0,False,False,False,True,False,True,False,False,True
52,0,130.0,180.0,0,140,0,1.5,0,False,False,False,True,False,True,False,True,False
60,1,180.0,240.0,0,140,0,1.5,0,False,True,False,False,True,True,False,False,False
53,0,140.0,216.0,0,142,0,2.0,0,True,False,False,True,False,True,False,False,True
42,1,120.0,228.0,0,152,0,1.5,0,False,True,False,True,False,True,False,False,False
59,1,140.0,274.0,0,154,0,2.0,0,False,False,False,True,False,True,False,False,True
39,1,120.0,200.0,0,160,0,1.0,0,True,False,False,True,False,True,False,False,False
51,0,114.0,258.0,1,96,0,1.0,0,False,False,False,False,False,False,True,False,False
53,0,128.0,216.0,0,115,0,0.0,0,False,True,False,False,False,False,True,False,False
51,0,150.0,200.0,0,120,0,0.5,0,False,True,False,True,False,False,True,False,False
66,1,120.0,240.0,0,120,0,-0.5,0,False,True,False,False,True,False,True,False,False
54,1,160.0,195.0,0,130,0,1.0,0,True,False,False,False,True,False,True,False,True
54,1,150.0,365.0,0,134,0,1.0,0,False,False,False,False,True,False,True,True,False
47,0,140.0,257.0,0,135,0,1.0,0,True,False,False,True,False,False,True,False,False
54,1,120.0,171.0,0,137,0,2.0,0,False,False,True,True,False,False,True,False,False
54,0,120.0,221.0,0,138,0,1.0,0,True,False,False,True,False,False,True,False,False
45,1,110.0,240.0,1,138,0,-0.1,0,False,True,False,True,False,False,True,True,False
39,1,120.0,206.0,0,146,0,2.0,0,True,False,False,False,True,False,True,False,False
55,1,140.0,240.0,1,150,0,0.2,0,True,False,False,False,True,False,True,False,True
62,1,140.0,271.0,0,152,0,1.0,0,True,False,False,True,False,False,True,True,False
65,1,155.0,240.0,1,154,0,1.0,0,False,False,False,True,False,False,True,True,False
48,0,108.0,163.0,0,175,0,2.0,0,False,False,False,True,False,False,True,False,True
38,1,100.0,240.0,1,179,0,-1.1,0,False,True,False,True,False,False,True,False,False
51,0,130.0,220.0,0,160,0,2.0,0,False,True,False,True,False,False,True,False,True
48,0,180.0,308.0,0,125,0,2.0,0,True,False,False,False,True,False,True,False,True
62,1,120.0,220.0,0,86,0,0.0,0,False,True,False,False,False,True,False,True,False
62,1,120.0,220.0,0,86,0,0.0,0,False,False,False,False,True,False,False,False,True
46,0,130.0,238.0,0,90,0,0.0,0,False,False,False,True,False,True,False,False,False
37,1,130.0,283.0,0,98,0,0.0,0,True,False,False,False,True,False,False,True,False
57,1,110.0,197.0,0,100,0,0.0,0,False,False,False,False,False,False,True,True,False
56,1,130.0,184.0,0,100,0,0.0,0,True,False,False,True,False,True,False,False,True
59,1,180.0,213.0,0,100,0,0.0,0,False,True,False,True,False,False,True,True,False
58,1,135.0,222.0,0,100,0,0.0,0,False,False,False,True,False,False,False,False,False
48,1,100.0,187.0,0,100,0,0.0,0,True,False,False,True,False,False,False,True,False
39,1,190.0,241.0,0,106,0,0.0,0,True,False,False,True,False,True,False,True,False
51,1,128.0,240.0,0,107,0,0.0,0,False,False,False,True,False,False,False,False,False
54,1,120.0,246.0,0,110,0,0.0,0,True,False,False,True,False,False,True,False,False
58,1,130.0,251.0,0,110,0,0.0,0,True,False,False,True,False,True,False,False,True
45,1,135.0,481.0,0,110,0,0.0,0,False,True,False,True,False,True,False,False,True
58,1,100.0,213.0,0,110,0,0.0,0,False,False,False,False,True,True,False,True,False
48,0,120.0,254.0,0,110,0,0.0,0,False,False,False,False,True,False,False,True,False
41,1,104.0,240.0,0,111,0,0.0,0,False,False,False,False,True,True,False,True,False
56,1,130.0,459.0,0,114,0,0.0,0,False,True,False,True,False,False,True,True,False
44,0,120.0,218.0,0,115,0,0.0,0,False,False,False,False,True,True,False,False,False
62,0,160.0,193.0,0,116,0,0.0,0,False,False,True,True,False,True,False,False,False
46,1,150.0,163.0,0,116,0,0.0,0,False,True,False,True,False,True,False,False,True
50,1,170.0,209.0,0,116,0,0.0,0,True,False,False,False,True,True,False,False,True
48,1,140.0,238.0,0,118,0,0.0,0,True,False,False,True,False,True,False,False,True
43,0,120.0,266.0,0,118,0,0.0,0,True,False,False,True,False,False,False,False,False
52,1,120.0,284.0,0,118,0,0.0,0,True,False,False,True,False,False,False,True,False
51,0,110.0,190.0,0,120,0,0.0,0,False,True,False,True,False,False,False,True,False
48,0,120.0,284.0,0,120,0,0.0,0,True,False,False,True,False,True,False,False,False
39,1,130.0,432.0,0,120,0,0.0,0,True,False,False,True,False,True,False,False,True
46,1,180.0,280.0,0,120,0,0.0,0,False,False,False,False,True,False,True,True,False
54,1,150.0,325.0,0,122,0,0.0,0,False,True,False,True,False,False,True,False,False
45,1,140.0,224.0,1,122,0,0.0,0,True,False,False,True,False,False,True,False,False
48,0,120.0,195.0,0,125,0,0.0,0,False,True,False,True,False,False,False,False,False
53,0,113.0,468.0,1,127,0,0.0,0,True,False,False,True,False,True,False,False,True
44,1,130.0,209.0,0,127,0,0.0,0,False,False,False,False,True,False,True,True,False
38,0,120.0,275.0,1,129,0,0.0,0,True,False,False,True,False,True,False,True,False
54,0,150.0,230.0,0,130,0,0.0,0,True,False,False,True,False,True,False,True,False
37,0,120.0,260.0,0,130,0,0.0,0,True,False,False,True,False,False,False,False,False
53,0,120.0,274.0,0,130,0,0.0,0,False,True,False,True,False,False,True,False,True
38,1,145.0,292.0,0,130,0,0.0,0,False,True,False,True,False,False,True,False,True
54,0,160.0,312.0,0,130,0,0.0,0,True,False,False,True,False,False,True,True,False
49,1,140.0,330.0,0,130,0,0.0,0,False,False,False,True,False,True,False,True,False
39,1,110.0,273.0,0,132,0,0.0,0,False,False,False,True,False,False,False,True,False
53,1,120.0,275.0,0,132,0,0.0,0,True,False,False,True,False,False,True,False,True
55,1,120.0,220.0,0,134,0,0.0,0,False,True,False,False,False,False,False,True,False
60,1,120.0,246.0,0,135,0,0.0,0,False,True,False,False,False,False,False,False,True
50,1,140.0,129.0,0,135,0,0.0,0,False,False,False,True,False,False,False,False,False
44,1,130.0,215.0,0,135,0,0.0,0,True,False,False,True,False,False,True,False,True
49,0,130.0,207.0,0,135,0,0.0,0,False,True,False,False,True,False,True,False,True
42,1,150.0,268.0,0,136,0,0.0,0,True,False,False,True,False,False,True,False,True
54,1,120.0,217.0,0,137,0,0.0,0,False,True,False,True,False,True,False,True,False
42,0,115.0,211.0,0,137,0,0.0,0,False,True,False,False,True,False,False,False,True
43,1,142.0,207.0,0,138,0,0.0,0,True,False,False,True,False,True,False,False,False
40,1,130.0,215.0,0,138,0,0.0,0,False,True,False,True,False,False,False,True,False
52,0,125.0,272.0,0,139,0,0.0,0,False,True,False,True,False,True,False,False,True
56,1,120.0,85.0,0,140,0,0.0,0,False,False,False,True,False,False,False,True,False
53,1,120.0,195.0,0,140,0,0.0,0,False,True,False,True,False,False,True,True,False
45,1,120.0,225.0,0,140,0,0.0,0,False,False,False,True,False,False,True,False,False
55,1,120.0,270.0,0,140,0,0.0,0,False,False,False,True,False,False,True,False,False
39,1,130.0,307.0,0,140,0,0.0,0,False,False,False,True,False,False,False,False,False
52,0,140.0,130.0,0,140,0,0.0,0,True,False,False,True,False,False,False,True,False
59,1,140.0,329.0,0,140,0,0.0,0,False,False,False,True,False,True,False,True,False
54,0,120.0,230.0,1,140,0,0.0,0,True,False,False,True,False,True,False,False,False
56,1,126.0,166.0,0,140,0,0.0,0,True,False,False,False,True,False,True,True,False
54,0,140.0,309.0,0,140,0,0.0,0,True,False,False,False,True,True,False,False,False
54,1,110.0,208.0,0,142,0,0.0,0,True,False,False,True,False,False,False,False,False
37,0,130.0,211.0,0,142,0,0.0,0,False,True,False,True,False,False,True,False,True
43,0,100.0,223.0,0,142,0,0.0,0,False,False,True,True,False,False,True,False,False
41,1,112.0,250.0,0,142,0,0.0,0,False,False,False,True,False,True,False,False,False
41,0,110.0,250.0,0,142,0,0.0,0,True,False,False,False,True,True,False,False,False
45,1,140.0,224.0,0,144,0,0.0,0,False,False,False,True,False,False,False,True,False
41,1,125.0,269.0,0,144,0,0.0,0,True,False,False,True,False,False,True,False,True
45,0,132.0,297.0,0,144,0,0.0,0,False,False,False,True,False,False,True,True,False
51,1,125.0,188.0,0,145,0,0.0,0,True,False,False,True,False,True,False,False,True
50,0,110.0,202.0,0,145,0,0.0,0,True,False,False,True,False,True,False,True,False
39,1,120.0,204.0,0,145,0,0.0,0,True,False,False,True,False,True,False,False,True
42,1,160.0,147.0,0,146,0,0.0,0,False,True,False,True,False,False,True,False,True
53,1,130.0,182.0,0,148,0,0.0,0,False,False,False,True,False,True,False,False,False
52,0,120.0,210.0,0,148,0,0.0,0,True,False,False,True,False,True,False,True,False
48,0,120.0,218.0,1,148,0,0.0,0,True,False,False,False,True,False,False,False,False
55,0,130.0,394.0,0,150,0,0.0,0,True,False,False,False,False,False,False,True,False
37,1,130.0,194.0,0,150,0,0.0,0,False,True,False,True,False,False,True,True,False
42,1,120.0,196.0,0,150,0,0.0,0,True,False,False,True,False,True,False,False,False
51,1,130.0,224.0,0,150,0,0.0,0,True,False,False,True,False,False,True,False,True
46,1,120.0,230.0,0,150,0,0.0,0,False,True,False,True,False,False,True,False,True
58,1,130.0,230.0,0,150,0,0.0,0,True,False,False,True,False,True,False,False,True
41,0,130.0,245.0,0,150,0,0.0,0,True,False,False,True,False,True,False,True,False
47,1,110.0,249.0,0,150,0,0.0,0,False,False,True,True,False,True,False,True,False
40,1,130.0,275.0,0,150,0,0.0,0,True,False,False,True,False,True,False,False,True
59,1,140.0,287.0,0,150,0,0.0,0,True,False,False,True,False,False,True,False,False
38,1,140.0,297.0,0,150,0,0.0,0,True,False,False,True,False,False,True,False,False
55,1,150.0,160.0,0,150,0,0.0,0,False,False,False,False,True,False,True,True,False
31,0,100.0,219.0,0,150,0,0.0,0,True,False,False,False,True,False,False,True,False
43,0,150.0,186.0,0,154,0,0.0,0,True,False,False,True,False,False,True,False,True
54,1,120.0,238.0,0,154,0,0.0,0,True,False,False,True,False,False,False,True,False
42,1,120.0,198.0,0,155,0,0.0,0,True,False,False,True,False,True,False,False,False
53,1,140.0,243.0,0,155,0,0.0,0,False,False,False,True,False,False,False,False,False
55,0,122.0,320.0,0,155,0,0.0,0,True,False,False,True,False,True,False,False,True
55,1,145.0,326.0,0,155,0,0.0,0,True,False,False,True,False,False,True,True,False
54,0,130.0,253.0,0,155,0,0.0,0,True,False,False,False,True,False,False,False,True
37,1,130.0,315.0,0,158,0,0.0,0,False,False,False,True,False,False,False,False,True
50,1,120.0,168.0,0,160,0,0.0,0,True,False,False,True,False,False,False,True,False
58,1,140.0,179.0,0,160,0,0.0,0,False,True,False,True,False,True,False,False,True
48,1,130.0,245.0,0,160,0,0.0,0,True,False,False,True,False,False,True,False,False
55,1,110.0,277.0,0,160,0,0.0,0,False,True,False,True,False,False,False,False,True
49,0,110.0,200.0,0,160,0,0.0,0,True,False,False,True,False,False,False,True,False
49,0,110.0,200.0,0,160,0,0.0,0,True,False,False,True,False,False,True,False,True
39,1,160.0,147.0,1,160,0,0.0,0,False,True,False,True,False,True,False,False,True
42,1,134.0,240.0,1,160,0,0.0,0,False,True,False,True,False,False,False,False,True
41,1,120.0,291.0,0,160,0,0.0,0,True,False,False,False,True,False,False,True,False
55,0,110.0,344.0,0,160,0,0.0,0,True,False,False,False,True,True,False,False,True
53,1,140.0,320.0,0,162,0,0.0,0,True,False,False,True,False,True,False,False,True
49,0,124.0,201.0,0,164,0,0.0,0,True,False,False,True,False,True,False,True,False
52,1,160.0,196.0,0,165,0,0.0,0,True,False,False,True,False,True,False,False,False
43,0,120.0,201.0,0,165,0,0.0,0,True,False,False,True,False,False,False,False,False
40,1,130.0,281.0,0,167,0,0.0,0,False,True,False,True,False,False,True,False,False
35,1,150.0,264.0,0,168,0,0.0,0,True,False,False,True,False,False,True,True,False
51,0,160.0,194.0,0,170,0,0.0,0,True,False,False,True,False,True,False,False,False
45,0,130.0,237.0,0,170,0,0.0,0,True,False,False,True,False,False,False,False,False
41,1,120.0,295.0,0,170,0,0.0,0,True,False,False,True,False,False,False,True,False
39,1,120.0,339.0,0,170,0,0.0,0,False,True,False,True,False,False,False,False,True
42,1,140.0,358.0,0,170,0,0.0,0,False,False,False,True,False,False,False,False,True
44,1,150.0,412.0,0,170,0,0.0,0,False,False,False,True,False,True,False,True,False
52,1,140.0,259.0,0,170,0,0.0,0,False,True,False,False,True,True,False,True,False
36,1,150.0,160.0,0,172,0,0.0,0,False,True,False,True,False,True,False,False,True
49,1,140.0,187.0,0,172,0,0.0,0,False,True,False,True,False,False,True,True,False
40,1,140.0,289.0,0,172,0,0.0,0,True,False,False,True,False,False,True,True,False
49,1,100.0,253.0,0,174,0,0.0,0,True,False,False,True,False,False,True,False,True
47,1,160.0,263.0,0,174,0,0.0,0,True,False,False,True,False,True,False,False,False
54,1,160.0,305.0,0,175,0,0.0,0,True,False,False,True,False,False,True,False,True
43,0,120.0,215.0,0,175,0,0.0,0,True,False,False,False,True,False,False,False,True
43,0,120.0,249.0,0,176,0,0.0,0,True,False,False,False,True,False,False,True,False
36,1,130.0,209.0,0,178,0,0.0,0,False,True,False,True,False,False,True,True,False
35,1,120.0,308.0,0,180,0,0.0,0,True,False,False,False,False,False,False,False,True
36,1,120.0,166.0,0,180,0,0.0,0,True,False,False,True,False,False,False,False,False
41,0,125.0,184.0,0,180,0,0.0,0,True,False,False,True,False,False,True,False,True
45,0,180.0,421.0,0,180,0,0.0,0,True,False,False,True,False,False,True,True,False
39,0,110.0,182.0,0,180,0,0.0,0,False,True,False,False,True,False,False,False,False
55,1,110.0,214.0,1,180,0,0.5,0,True,False,False,False,True,True,False,True,False
37,0,130.0,173.0,0,184,0,0.0,0,False,False,False,False,True,False,True,True,False
40,1,140.0,284.0,0,188,0,0.0,0,False,True,False,True,False,False,False,False,True
61,1,125.0,292.0,0,115,0,0.0,0,False,False,False,False,True,False,True,True,False
47,1,140.0,276.0,1,125,0,0.0,0,False,False,False,True,False,False,False,False,False
59,1,154.0,240.0,0,131,0,1.5,0,False,False,False,False,True,False,True,True,False
52,1,140.0,100.0,0,138,0,0.0,0,True,False,False,True,False,False,False,True,False
50,1,150.0,215.0,0,140,0,0.0,0,False,False,False,True,False,False,True,False,True
46,1,140.0,275.0,0,165,0,0.0,0,True,False,False,True,False,True,False,False,False
69,1,175.0,271.0,0,82,0,0.5,0,False,True,False,False,False,False,True,False,True
51,1,133.0,218.0,1,156,1,0.5,0,False,False,False,False,False,False,True,False,True
58,1,131.0,385.0,1,126,1,0.5,0,False,False,False,False,False,True,False,False,True
63,0,181.0,240.0,0,87,1,0.5,0,True,False,False,True,False,True,False,False,False
74,1,188.0,240.0,0,132,0,0.5,0,False,True,False,True,False,True,False,True,False
62,1,118.0,240.0,0,138,0,0.5,0,True,False,False,True,False,True,False,True,False
60,1,130.0,195.0,0,81,1,0.5,0,False,False,False,True,False,False,True,False,True
45,1,193.0,236.0,0,188,1,0.5,0,False,True,False,True,False,True,False,False,True
65,1,153.0,252.0,0,118,0,0.5,0,False,False,True,True,False,True,False,True,False
61,1,179.0,283.0,0,92,1,0.5,0,True,False,False,True,False,True,False,False,True
62,1,134.0,139.0,0,96,1,0.5,0,False,False,True,False,True,True,False,False,False
35,1,143.0,161.0,0,81,0,0.5,0,False,True,False,False,True,False,True,False,True
63,1,90.0,165.0,0,178,0,0.5,0,True,False,False,False,True,False,False,True,False
54,1,96.0,182.0,0,103,1,0.5,0,True,False,False,False,True,False,True,True,False
54,1,163.0,203.0,0,140,1,0.5,0,False,True,False,False,True,False,False,False,True
48,1,161.0,272.0,0,109,1,0.5,0,False,False,False,False,True,True,False,False,True
55,1,196.0,406.0,0,72,1,0.5,0,False,True,False,False,True,False,False,False,False
68,1,107.0,181.0,1,115,1,0.5,0,False,False,True,False,True,True,False,True,False
51,1,167.0,227.0,1,68,1,0.5,0,False,False,False,False,True,True,False,False,False
69,1,135.0,240.0,0,130,0,0.0,1,False,False,False,True,False,True,False,False,False
40,0,150.0,392.0,0,130,0,2.0,1,False,False,False,True,False,True,False,False,False
47,0,120.0,205.0,0,98,0,2.0,1,False,False,False,True,False,True,False,False,False
56,1,132.0,184.0,0,105,0,2.1,1,False,False,False,False,False,True,False,False,False
57,1,150.0,276.0,0,112,0,0.6,1,False,False,False,False,False,True,False,False,False
36,1,110.0,240.0,0,125,0,1.0,1,False,False,False,True,False,True,False,False,False
40,1,120.0,466.0,1,152,0,1.0,1,False,False,False,True,False,True,False,False,False
65,1,110.0,248.0,0,158,0,0.6,1,False,False,False,False,False,False,True,False,False
68,1,150.0,195.0,1,132,0,0.0,1,False,True,False,True,False,False,False,False,False
58,1,130.0,213.0,0,140,0,0.0,1,False,True,False,False,True,False,False,False,False
39,1,110.0,280.0,0,150,0,0.0,1,False,False,False,True,False,True,False,False,False
48,1,132.0,220.0,1,162,0,0.0,1,False,True,False,False,True,True,False,False,False
41,1,110.0,289.0,0,170,0,0.0,1,False,False,False,True,False,False,False,False,False
70,1,130.0,322.0,0,109,0,2.4,1,False,False,False,False,False,True,False,True,False
46,1,150.0,231.0,0,147,0,3.6,1,False,True,False,True,False,True,False,True,False
60,1,140.0,185.0,0,155,0,3.0,1,False,True,False,False,False,True,False,True,False
38,0,110.0,240.0,0,156,0,0.0,1,False,False,False,True,False,True,False,True,False
58,1,120.0,284.0,0,160,0,1.8,1,True,False,False,False,False,True,False,True,False
57,0,130.0,236.0,0,174,0,0.0,1,True,False,False,False,False,True,False,True,False
65,1,138.0,282.0,1,174,0,1.4,1,False,False,True,False,False,True,False,True,False
62,1,115.0,240.0,1,72,0,-0.5,1,False,False,False,True,False,True,False,True,False
47,1,110.0,275.0,0,118,0,1.0,1,False,False,False,False,False,True,False,True,False
62,1,110.0,240.0,0,120,0,0.5,1,False,False,False,True,False,True,False,True,False
63,0,124.0,197.0,0,136,0,0.0,1,False,False,False,True,False,True,False,True,False
59,0,174.0,249.0,0,143,0,0.0,1,False,False,False,True,False,True,False,True,False
56,1,125.0,249.0,1,144,0,1.2,1,False,False,False,False,False,True,False,True,False
62,0,150.0,244.0,0,154,0,1.4,1,False,False,False,True,False,True,False,True,False
63,0,108.0,269.0,0,169,0,1.8,1,False,False,False,True,False,True,False,True,False
73,0,160.0,240.0,0,121,0,0.0,1,False,True,False,False,True,False,True,True,False
59,1,160.0,273.0,0,125,0,0.0,1,False,False,True,False,False,False,True,True,False
49,1,118.0,149.0,0,126,0,0.8,1,False,True,False,False,False,False,True,True,False
47,1,108.0,243.0,0,152,0,0.0,1,False,True,False,True,False,False,True,True,False
64,1,140.0,335.0,0,158,0,0.0,1,False,True,False,True,False,False,True,True,False
52,1,112.0,230.0,0,160,0,0.0,1,False,False,False,True,False,False,True,True,False
60,0,158.0,305.0,0,161,0,0.0,1,False,False,False,False,False,False,True,True,False
59,1,134.0,204.0,0,162,0,0.8,1,False,False,True,True,False,False,True,True,False
57,1,154.0,232.0,0,164,0,0.0,1,True,False,False,False,False,False,True,True,False
61,0,130.0,330.0,0,169,0,0.0,1,False,False,False,False,False,False,True,True,False
44,1,110.0,197.0,0,177,0,0.0,1,False,False,False,False,False,False,True,True,False
50,0,160.0,240.0,1,110,0,0.0,1,False,False,False,True,False,True,False,True,False
58,1,170.0,240.0,1,105,0,0.0,1,False,False,False,False,True,False,False,True,False
47,1,110.0,240.0,1,120,0,0.0,1,False,True,False,True,False,False,True,True,False
38,1,150.0,240.0,1,120,0,0.5,1,False,False,False,True,False,True,False,True,False
48,1,110.0,229.0,0,168,0,1.0,1,True,False,False,True,False,False,False,False,True
58,1,120.0,240.0,0,106,0,1.5,1,False,False,False,False,False,False,False,False,True
55,1,120.0,226.0,0,127,0,1.7,1,False,False,False,False,False,False,False,False,True
53,1,140.0,203.0,1,155,0,3.1,1,False,False,False,False,False,False,False,False,True
56,1,130.0,203.0,1,98,0,1.5,1,False,False,False,True,False,True,False,False,True
58,1,146.0,218.0,0,105,0,2.0,1,False,False,False,True,False,True,False,False,True
53,1,105.0,240.0,0,115,0,0.0,1,False,True,False,True,False,True,False,False,True
53,1,120.0,240.0,0,120,0,0.0,1,False,False,False,True,False,True,False,False,True
45,1,110.0,264.0,0,132,0,1.2,1,False,False,True,True,False,True,False,False,True
67,1,152.0,212.0,0,150,0,0.8,1,False,True,False,False,False,True,False,False,True
57,1,128.0,229.0,0,150,0,0.4,1,False,True,False,False,False,True,False,False,True
54,1,180.0,240.0,1,150,0,1.5,1,False,False,False,True,False,True,False,False,True
59,1,170.0,288.0,0,159,0,0.2,1,False,False,True,False,False,True,False,False,True
50,1,140.0,233.0,0,163,0,0.6,1,False,True,False,True,False,True,False,False,True
57,1,152.0,274.0,0,88,0,1.2,1,False,False,False,True,False,True,False,False,True
70,1,115.0,240.0,0,92,0,0.0,1,False,False,False,False,True,True,False,False,True
65,1,115.0,240.0,0,93,0,0.0,1,False,False,False,True,False,True,False,False,True
47,1,150.0,226.0,0,98,0,1.5,1,False,False,False,True,False,True,False,False,True
62,1,120.0,267.0,0,99,0,1.8,1,False,False,False,True,False,True,False,False,True
61,1,150.0,240.0,0,105,0,0.0,1,False,False,False,True,False,True,False,False,True
54,1,124.0,266.0,0,109,0,2.2,1,False,False,False,False,False,True,False,False,True
58,0,180.0,393.0,0,110,0,1.0,1,True,False,False,True,False,True,False,False,True
46,1,115.0,240.0,0,113,0,1.5,1,False,False,False,True,False,True,False,False,True
59,1,135.0,240.0,0,115,0,1.0,1,False,False,False,True,False,True,False,False,True
56,1,120.0,100.0,0,120,0,1.5,1,False,False,False,True,False,True,False,False,True
43,1,120.0,175.0,0,120,0,1.0,1,False,False,False,True,False,True,False,False,True
50,1,130.0,233.0,0,121,0,2.0,1,False,False,False,True,False,True,False,False,True
53,1,124.0,243.0,0,122,0,2.0,1,False,False,False,True,False,True,False,False,True
57,0,140.0,241.0,0,123,0,0.2,1,False,False,False,True,False,True,False,False,True
47,1,160.0,240.0,0,124,0,0.0,1,False,False,False,True,False,True,False,False,True
55,1,120.0,240.0,0,125,0,2.5,1,False,True,False,False,True,True,False,False,True
38,1,115.0,240.0,0,128,0,0.0,1,False,True,False,True,False,True,False,False,True
67,1,120.0,229.0,0,129,0,2.6,1,False,False,False,False,False,True,False,False,True
35,1,120.0,198.0,0,130,0,1.6,1,False,False,False,True,False,True,False,False,True
58,1,128.0,216.0,0,131,0,2.2,1,False,False,False,False,False,True,False,False,True
64,1,125.0,309.0,0,131,0,1.8,1,False,True,False,True,False,True,False,False,True
64,0,142.0,276.0,0,140,0,1.0,1,False,False,False,True,False,True,False,False,True
60,1,125.0,258.0,0,141,0,2.8,1,False,False,False,False,False,True,False,False,True
43,1,132.0,247.0,1,143,0,0.1,1,False,False,False,False,False,True,False,False,True
61,0,145.0,307.0,0,146,0,1.0,1,False,False,False,False,False,True,False,False,True
57,1,124.0,261.0,0,141,0,0.3,1,True,False,False,True,False,False,True,False,True
46,1,120.0,249.0,0,144,0,0.8,1,False,False,False,False,False,False,True,False,True
41,1,110.0,172.0,0,158,0,0.0,1,False,False,False,False,False,False,True,False,True
58,1,125.0,300.0,0,171,0,0.0,1,False,False,False,False,False,False,True,False,True
40,1,152.0,223.0,0,181,0,0.0,1,False,False,False,True,False,False,True,False,True
54,1,192.0,283.0,0,195,0,0.0,1,True,False,False,False,False,False,True,False,True
63,1,185.0,240.0,0,98,0,0.0,1,False,False,False,True,False,False,True,False,True
50,1,144.0,349.0,0,120,0,1.0,1,False,False,False,False,False,False,True,False,True
61,1,140.0,207.0,0,138,0,1.9,1,False,False,False,False,False,False,True,False,True
60,1,130.0,253.0,0,144,0,1.4,1,False,False,False,True,False,False,True,False,True
35,1,126.0,282.0,0,156,0,0.0,1,False,False,False,False,False,False,True,False,True
52,1,128.0,255.0,0,161,0,0.0,1,False,False,False,True,False,False,True,False,True
51,1,140.0,299.0,0,173,0,1.6,1,False,False,False,True,False,False,True,False,True
66,0,155.0,240.0,0,90,0,0.0,1,False,False,False,True,False,False,False,False,True
75,1,170.0,203.0,1,108,0,0.0,1,False,False,False,False,True,False,False,False,True
46,1,118.0,186.0,0,124,0,0.0,1,False,False,False,True,False,False,True,False,True
51,1,130.0,240.0,1,163,0,0.0,1,False,False,False,False,True,True,False,False,True
40,1,125.0,240.0,1,165,0,0.0,1,False,False,False,True,False,True,False,False,True
59,1,178.0,240.0,1,120,0,0.0,1,False,False,False,False,False,False,False,False,True
53,1,160.0,240.0,0,122,0,0.0,1,False,True,False,False,False,False,True,False,True
50,0,140.0,288.0,0,140,0,0.0,1,False,True,False,True,False,False,False,False,True
54,1,120.0,237.0,0,150,0,1.5,1,False,True,False,True,False,False,False,False,True
51,1,169.0,295.0,1,101,0,0.5,1,False,False,False,False,False,True,False,False,True
64,0,95.0,240.0,0,145,0,1.1,1,False,False,False,True,False,False,False,False,True
57,1,95.0,240.0,1,182,0,0.7,1,False,False,False,True,False,False,False,True,False
38,1,110.0,289.0,0,105,0,1.5,1,False,False,False,True,False,False,False,False,False
48,1,102.0,240.0,0,110,0,1.0,1,False,True,False,False,True,False,False,True,False
62,1,158.0,210.0,1,112,0,3.0,1,False,False,False,True,False,False,False,False,True
64,1,110.0,240.0,0,114,0,1.3,1,False,False,False,True,False,False,False,False,True
59,1,122.0,233.0,0,117,0,1.3,1,False,False,False,True,False,False,False,False,True
62,0,120.0,240.0,1,123,0,1.7,1,False,False,False,False,True,False,False,False,True
42,1,105.0,240.0,0,128,0,-1.5,1,False,False,False,True,False,False,False,True,False
60,1,130.0,240.0,1,130,0,1.1,1,False,False,False,False,True,False,False,True,False
48,1,122.0,275.0,1,150,0,2.0,1,False,False,False,False,True,False,False,True,False
54,1,140.0,216.0,0,105,0,1.5,1,False,False,False,True,False,True,False,False,True
64,1,120.0,240.0,1,106,0,2.0,1,False,False,False,False,True,True,False,True,False
63,1,100.0,240.0,1,109,0,-0.9,1,False,False,False,True,False,True,False,False,False
61,1,110.0,240.0,1,113,0,1.4,1,False,False,False,True,False,True,False,True,False
48,1,120.0,260.0,0,115,0,2.0,1,False,False,False,True,False,True,False,False,False
49,1,150.0,222.0,0,122,0,2.0,1,False,False,False,True,False,True,False,False,False
54,1,125.0,224.0,0,122,0,2.0,1,False,False,False,True,False,True,False,True,False
60,1,100.0,248.0,0,125,0,1.0,1,False,False,False,True,False,True,False,True,False
41,1,130.0,172.0,0,130,0,2.0,1,False,False,False,False,True,True,False,False,True
46,1,100.0,240.0,0,133,0,-2.6,1,False,False,False,False,True,True,False,True,False
62,1,120.0,240.0,0,134,0,-0.8,1,False,False,True,False,False,True,False,True,False
57,1,105.0,240.0,0,148,0,0.3,1,False,True,False,True,False,True,False,True,False
60,1,160.0,240.0,1,149,0,0.4,1,False,False,False,True,False,True,False,False,True
51,1,135.0,160.0,0,150,0,2.0,1,False,True,False,True,False,True,False,True,False
56,0,120.0,279.0,0,150,0,1.0,1,True,False,False,True,False,True,False,False,True
55,1,115.0,240.0,1,155,0,0.1,1,False,False,False,True,False,True,False,True,False
49,0,160.0,180.0,0,156,0,1.0,1,False,True,False,True,False,True,False,True,False
60,1,160.0,267.0,1,157,0,0.5,1,True,False,False,False,True,True,False,True,False
36,1,120.0,267.0,0,160,0,3.0,1,True,False,False,True,False,True,False,False,False
46,1,140.0,272.0,1,175,0,2.0,1,False,False,True,True,False,True,False,False,True
59,1,125.0,240.0,0,175,0,2.6,1,False,True,False,True,False,True,False,False,False
52,1,160.0,246.0,0,82,0,4.0,1,False,False,False,False,True,True,False,False,False
65,1,140.0,306.0,1,87,0,1.5,1,False,False,False,True,False,True,False,True,False
54,1,130.0,242.0,0,91,0,1.0,1,False,False,False,True,False,True,False,False,True
57,1,150.0,255.0,0,92,0,3.0,1,False,False,False,True,False,True,False,False,False
48,1,160.0,329.0,0,92,0,1.5,1,False,False,False,True,False,True,False,True,False
66,1,140.0,163.0,0,94,0,1.0,1,False,False,False,True,False,True,False,False,True
55,1,145.0,248.0,0,96,0,2.0,1,False,False,False,True,False,True,False,False,True
52,1,112.0,342.0,0,96,0,1.0,1,False,False,False,False,True,True,False,False,False
48,1,160.0,355.0,0,99,0,2.0,1,False,False,False,True,False,True,False,True,False
58,1,136.0,164.0,0,99,0,2.0,1,True,False,False,False,True,True,False,False,False
44,1,130.0,290.0,0,100,0,2.0,1,False,False,False,True,False,True,False,False,False
54,0,130.0,294.0,0,100,0,0.0,1,False,True,False,False,True,True,False,False,False
48,1,160.0,193.0,0,102,0,3.0,1,False,False,False,True,False,True,False,True,False
48,1,160.0,268.0,0,103,0,1.0,1,False,False,False,True,False,True,False,False,True
54,0,138.0,274.0,0,105,0,1.5,1,False,False,False,True,False,True,False,True,False
48,0,138.0,214.0,0,108,0,1.5,1,False,False,False,True,False,True,False,False,True
55,1,158.0,217.0,0,110,0,2.5,1,False,False,False,True,False,True,False,True,False
52,1,130.0,298.0,0,110,0,1.0,1,False,False,False,True,False,True,False,True,False
54,1,130.0,202.0,1,112,0,2.0,1,False,False,False,True,False,True,False,True,False
65,1,170.0,263.0,1,112,0,2.0,1,False,False,False,True,False,True,False,False,True
65,1,130.0,275.0,0,115,0,1.0,1,False,False,False,False,True,True,False,True,False
59,1,124.0,111.0,0,117,0,1.0,1,False,False,False,True,False,True,False,True,False
59,1,140.0,240.0,0,117,0,1.0,1,False,False,False,False,True,True,False,False,True
41,1,120.0,336.0,0,118,0,3.0,1,False,False,False,True,False,True,False,True,False
52,1,130.0,225.0,0,120,0,2.0,1,False,False,False,True,False,True,False,True,False
49,1,130.0,341.0,0,120,0,1.0,1,False,False,False,True,False,True,False,False,True
53,1,180.0,285.0,0,120,0,1.5,1,False,False,False,False,True,True,False,True,False
56,1,170.0,388.0,0,122,0,2.0,1,False,False,False,False,True,True,False,True,False
52,1,140.0,404.0,0,124,0,2.0,1,False,False,False,True,False,True,False,False,True
56,1,150.0,230.0,0,124,0,1.5,1,False,False,False,False,True,True,False,False,True
46,1,110.0,236.0,0,125,0,2.0,1,False,False,False,True,False,True,False,False,True
46,1,120.0,277.0,0,125,0,1.0,1,False,False,False,True,False,True,False,False,True
56,1,150.0,213.0,1,125,0,1.0,1,False,False,False,True,False,True,False,True,False
54,1,130.0,603.0,1,125,0,1.0,1,False,False,False,True,False,True,False,False,False
50,1,140.0,341.0,0,125,0,2.5,1,False,False,False,False,True,True,False,True,False
52,1,170.0,280.0,0,126,0,1.5,1,False,False,False,True,False,True,False,True,False
55,1,140.0,268.0,0,128,0,1.5,1,False,False,False,True,False,True,False,False,False
55,1,140.0,201.0,0,130,0,3.0,1,False,False,False,True,False,True,False,False,True
37,1,140.0,207.0,0,130,0,1.5,1,False,False,False,True,False,True,False,False,False
43,1,150.0,247.0,0,130,0,2.0,1,False,False,False,True,False,True,False,False,True
45,1,130.0,219.0,0,130,0,1.0,1,False,False,False,False,True,True,False,False,True
59,0,130.0,338.0,1,130,0,1.5,1,False,False,False,False,True,True,False,False,True
38,1,92.0,117.0,0,134,0,2.5,1,False,False,False,True,False,True,False,True,False
52,1,140.0,266.0,0,134,0,2.0,1,False,False,False,True,False,True,False,False,False
43,1,140.0,288.0,0,135,0,2.0,1,False,False,False,True,False,True,False,False,True
41,1,120.0,237.0,0,138,0,1.0,1,False,False,False,True,False,True,False,False,True
50,1,145.0,240.0,0,139,0,0.7,1,False,False,False,True,False,True,False,False,True
60,1,130.0,186.0,1,140,0,0.5,1,False,False,False,False,False,True,False,True,False
49,1,140.0,234.0,0,140,0,1.0,1,False,False,False,True,False,True,False,False,False
58,1,130.0,263.0,0,140,0,2.0,1,False,False,False,True,False,True,False,False,False
50,1,140.0,231.0,0,140,0,5.0,1,False,False,False,False,True,True,False,False,False
60,1,130.0,186.0,1,140,0,0.5,1,False,False,False,False,True,True,False,False,True
54,1,200.0,198.0,0,142,0,2.0,1,False,False,False,True,False,True,False,True,False
55,1,160.0,292.0,1,143,0,2.0,1,True,False,False,True,False,True,False,False,False
47,1,140.0,193.0,0,145,0,1.0,1,False,True,False,True,False,True,False,False,False
57,1,140.0,265.0,0,145,0,1.0,1,True,False,False,False,True,True,False,False,False
57,1,128.0,240.0,1,148,0,1.0,1,False,False,False,False,True,True,False,False,False
57,1,130.0,311.0,1,148,0,2.0,1,False,False,False,False,True,True,False,False,False
33,0,100.0,246.0,0,150,0,1.0,1,False,False,False,True,False,True,False,True,False
44,1,150.0,288.0,0,150,0,3.0,1,True,False,False,True,False,True,False,False,True
51,0,160.0,303.0,0,150,0,1.0,1,False,False,False,True,False,True,False,False,False
38,1,110.0,265.0,0,150,0,1.0,1,False,False,False,True,False,True,False,True,False
56,1,155.0,342.0,1,150,0,3.0,1,False,False,False,True,False,True,False,True,False
31,1,120.0,270.0,0,153,0,1.5,1,False,False,False,True,False,True,False,True,False
47,1,160.0,291.0,0,158,0,3.0,1,False,False,False,False,True,True,False,False,False
56,1,115.0,240.0,0,82,0,-1.0,1,False,False,False,False,True,False,True,False,False
43,1,122.0,240.0,0,120,0,0.5,1,False,False,False,True,False,False,True,True,False
74,1,145.0,240.0,1,123,0,1.3,1,True,False,False,False,True,False,True,False,False
32,1,95.0,240.0,1,127,0,0.7,1,False,False,True,True,False,False,True,True,False
68,1,145.0,240.0,0,136,0,1.8,1,False,False,False,True,False,False,True,False,True
58,1,115.0,240.0,1,138,0,0.5,1,False,False,False,True,False,False,True,False,True
66,1,112.0,261.0,0,140,0,1.5,1,False,False,False,True,False,False,True,False,False
60,1,115.0,240.0,0,143,0,2.4,1,False,True,False,True,False,False,True,True,False
34,1,115.0,240.0,0,154,0,0.2,1,False,False,False,False,True,False,True,False,False
61,1,105.0,240.0,0,110,0,1.5,1,False,False,False,True,False,False,True,True,False
59,1,125.0,240.0,0,119,0,0.9,1,False,False,False,True,False,False,True,False,True
56,1,140.0,240.0,0,121,0,1.8,1,False,False,False,True,False,False,True,True,False
63,1,96.0,305.0,0,121,0,1.0,1,False,False,False,False,True,False,True,False,False
55,1,142.0,228.0,0,149,0,2.5,1,False,False,False,False,True,False,True,False,False
58,1,160.0,211.0,1,92,0,0.0,1,False,True,False,False,True,False,True,False,False
74,1,140.0,237.0,1,94,0,0.0,1,False,True,False,True,False,False,True,False,True
57,1,122.0,264.0,0,100,0,0.0,1,False,False,False,False,False,True,False,True,False
53,1,126.0,240.0,0,106,0,0.0,1,False,False,False,True,False,False,False,True,False
58,1,110.0,198.0,0,110,0,0.0,1,False,False,False,True,False,True,False,True,False
48,1,106.0,263.0,1,110,0,0.0,1,False,False,False,True,False,False,False,True,False
46,1,130.0,222.0,0,112,0,0.0,1,False,False,False,True,False,False,False,False,True
63,1,150.0,223.0,0,115,0,0.0,1,False,False,False,True,False,False,True,False,False
57,1,180.0,285.0,1,120,0,0.8,1,True,False,False,False,True,True,False,False,True
59,1,130.0,153.0,0,125,0,0.0,1,False,False,False,True,False,False,False,True,False
53,1,145.0,518.0,0,130,0,0.0,1,False,True,False,True,False,False,False,True,False
32,1,118.0,529.0,0,130,0,0.0,1,False,False,False,True,False,False,True,False,True
44,1,135.0,491.0,0,135,0,0.0,1,False,False,False,True,False,False,True,False,True
55,1,140.0,295.0,0,136,0,0.0,1,False,False,True,False,True,True,False,True,False
54,1,125.0,216.0,0,140,0,0.0,1,False,False,False,True,False,False,True,False,True
35,1,110.0,257.0,0,140,0,0.0,1,True,False,False,True,False,False,False,False,True
52,1,120.0,182.0,0,150,0,0.0,1,False,False,False,True,False,False,False,False,True
50,1,145.0,264.0,0,150,0,0.0,1,False,False,False,True,False,False,True,True,False
54,0,127.0,333.0,1,154,0,0.0,1,False,False,False,False,True,False,False,False,False
43,1,120.0,291.0,0,155,0,0.0,1,False,False,True,False,True,False,False,False,False
38,1,110.0,196.0,0,166,0,0.0,1,False,False,False,True,False,True,False,False,False
49,1,130.0,206.0,0,170,0,0.0,1,False,False,False,True,False,True,False,True,False
38,1,120.0,282.0,0,170,0,0.0,1,False,False,False,True,False,True,False,False,True
47,0,135.0,248.0,1,170,0,0.0,1,False,True,False,True,False,False,True,False,True
49,1,115.0,265.0,0,175,0,0.0,1,False,True,False,True,False,False,True,True,False
34,1,140.0,156.0,0,180,0,0.0,1,False,False,True,True,False,False,True,True,False
62,1,120.0,254.0,0,93,0,0.0,1,True,False,False,False,False,True,False,True,False
52,1,160.0,331.0,0,94,0,2.5,1,False,False,False,True,False,False,True,False,False
49,1,128.0,212.0,0,96,0,0.0,1,False,False,False,True,False,False,True,False,True
46,1,120.0,231.0,0,115,0,0.0,1,False,False,False,True,False,False,False,False,True
53,1,120.0,246.0,0,116,0,0.0,1,False,False,False,True,False,False,True,False,True
54,1,140.0,345.0,0,118,0,0.0,1,False,False,False,True,False,False,False,True,False
59,1,140.0,264.0,1,119,0,0.0,1,False,False,False,False,False,True,False,False,True
62,1,158.0,170.0,0,138,0,0.0,1,False,False,False,False,True,False,True,True,False
46,1,110.0,202.0,0,150,0,0.0,1,False,False,False,True,False,False,False,True,False
62,1,112.0,258.0,0,150,0,0.5,1,False,False,True,False,True,False,True,False,False
63,1,121.0,240.0,0,93,1,0.5,1,False,True,False,False,False,False,False,True,False
56,1,122.0,240.0,0,128,1,0.5,1,False,False,False,False,False,False,False,True,False
65,1,105.0,240.0,0,116,1,0.5,1,False,False,False,True,False,False,False,True,False
72,1,105.0,211.0,0,121,1,0.5,1,False,False,False,True,False,False,False,False,False
50,1,126.0,218.0,0,139,0,0.5,1,False,False,False,True,False,False,True,False,True
61,1,142.0,284.0,0,103,1,0.5,1,False,True,False,True,False,False,True,True,False
58,1,166.0,203.0,1,184,1,0.5,1,False,False,False,True,False,True,False,False,False
56,1,128.0,282.0,1,142,1,0.5,1,False,False,False,True,False,True,False,False,False
62,1,170.0,204.0,0,100,0,0.5,1,False,True,False,False,True,True,False,True,False
55,1,125.0,204.0,1,90,0,0.5,1,False,False,False,False,True,False,True,False,False
63,1,177.0,217.0,1,118,1,0.5,1,True,False,False,False,True,False,False,False,True
55,1,122.0,245.0,1,67,1,0.5,1,False,True,False,False,True,False,True,False,True
44,1,120.0,169.0,0,144,0,2.8,1,False,False,False,True,False,False,False,False,False
48,1,115.0,240.0,1,128,0,0.0,1,False,False,False,True,False,True,False,False,False
69,1,130.0,240.0,1,129,0,1.0,1,False,False,False,False,True,True,False,False,False
59,1,126.0,218.0,1,134,0,2.2,1,False,True,False,True,False,True,False,False,False
57,1,140.0,240.0,0,120,0,2.0,1,False,False,False,True,False,True,False,False,False
66,1,160.0,246.0,0,120,0,0.0,1,True,False,False,True,False,True,False,False,False
42,1,136.0,315.0,0,125,0,1.8,1,False,False,False,True,False,True,False,False,False
56,1,130.0,256.0,1,142,0,0.6,1,False,True,False,False,False,True,False,False,False
57,1,140.0,214.0,0,144,0,2.0,1,False,False,False,False,True,True,False,False,False
58,0,170.0,225.0,1,146,0,2.8,1,False,False,False,False,False,True,False,False,False
55,1,122.0,223.0,1,100,0,0.0,1,False,False,False,False,True,True,False,False,False
64,1,130.0,258.0,1,130,0,0.0,1,False,False,False,False,False,False,True,False,False
51,1,140.0,240.0,0,60,0,0.0,1,False,False,False,True,False,True,False,True,False
67,1,120.0,237.0,0,71,0,1.0,1,False,False,False,True,False,True,False,True,False
56,1,155.0,240.0,0,99,0,0.0,1,False,True,False,False,True,True,False,True,False
62,0,138.0,294.0,1,106,0,1.9,1,False,False,False,True,False,True,False,True,False
59,1,120.0,240.0,0,115,0,0.0,1,False,False,False,True,False,True,False,True,False
67,1,145.0,240.0,0,125,0,0.0,1,False,False,True,False,False,True,False,True,False
61,1,134.0,234.0,0,145,0,2.6,1,False,False,True,True,False,True,False,True,False
67,1,160.0,286.0,0,108,0,1.5,1,False,False,False,False,False,True,False,True,False
55,0,180.0,327.0,0,117,0,3.4,1,False,False,False,False,True,True,False,True,False
44,1,112.0,290.0,0,153,0,0.0,1,False,False,False,False,False,False,True,True,False
66,1,112.0,212.0,0,132,0,0.1,1,False,False,False,False,False,False,True,True,False
46,1,134.0,310.0,0,126,0,0.0,1,False,False,False,True,False,False,True,True,False
62,0,140.0,240.0,0,143,0,0.0,1,False,False,True,True,False,False,False,True,False
38,1,135.0,240.0,1,150,0,0.0,1,False,False,False,True,False,False,True,True,False
56,1,120.0,240.0,0,100,0,-1.0,1,False,False,False,False,True,False,False,False,True
56,1,130.0,283.0,1,103,0,1.6,1,False,False,False,False,False,False,False,False,True
59,1,170.0,326.0,0,140,0,3.4,1,False,False,False,False,False,False,False,False,True
55,1,140.0,240.0,0,83,0,0.0,1,False,False,False,True,False,True,False,False,True
62,0,130.0,263.0,0,97,0,1.2,1,False,True,False,True,False,True,False,False,True
56,1,125.0,240.0,1,98,0,-2.0,1,False,True,False,True,False,True,False,False,True
54,1,120.0,188.0,0,113,0,1.4,1,False,False,False,True,False,True,False,False,True
52,1,130.0,240.0,0,120,0,0.0,1,False,False,False,True,False,True,False,False,True
65,1,135.0,254.0,0,127,0,2.8,1,False,False,False,False,False,True,False,False,True
68,1,144.0,193.0,1,141,0,3.4,1,False,False,False,True,False,True,False,False,True
61,1,160.0,240.0,1,145,0,1.0,1,False,False,False,False,True,True,False,False,True
69,1,140.0,254.0,0,146,0,2.0,1,False,True,False,False,False,True,False,False,True
63,1,130.0,254.0,0,147,0,1.4,1,False,False,False,False,False,True,False,False,True
54,1,120.0,240.0,0,155,0,0.0,1,False,False,False,True,False,True,False,False,True
60,1,140.0,293.0,0,170,0,1.2,1,False,False,False,False,False,True,False,False,True
57,1,160.0,240.0,0,98,0,2.0,1,False,False,False,True,False,True,False,False,True
61,1,150.0,240.0,0,117,0,2.0,1,False,False,False,True,False,True,False,False,True
46,1,140.0,311.0,0,120,0,1.8,1,False,False,False,True,False,True,False,False,True
52,1,135.0,240.0,1,128,0,2.0,1,False,False,False,True,False,True,False,False,True
53,1,130.0,240.0,0,135,0,1.0,1,False,False,False,False,False,True,False,False,True
43,0,132.0,341.0,1,136,0,3.0,1,False,False,False,False,False,True,False,False,True
61,1,120.0,260.0,0,140,0,3.6,1,False,False,False,True,False,True,False,False,True
59,1,110.0,239.0,0,142,0,1.2,1,False,False,False,False,False,True,False,False,True
60,1,145.0,282.0,0,142,0,2.8,1,False,False,False,False,False,True,False,False,True
51,0,130.0,305.0,0,142,0,1.2,1,False,False,False,True,False,True,False,False,True
57,1,110.0,335.0,0,143,0,3.0,1,False,False,False,True,False,True,False,False,True
56,0,134.0,409.0,0,150,0,1.9,1,False,False,False,False,False,True,False,False,True
58,1,100.0,234.0,0,156,0,0.1,1,False,False,False,True,False,False,True,False,True
61,1,148.0,203.0,0,161,0,0.0,1,False,False,False,True,False,False,True,False,True
62,1,152.0,153.0,0,97,0,1.6,1,False,False,False,False,True,False,True,False,True
52,1,165.0,240.0,0,122,0,1.0,1,False,False,False,True,False,False,True,False,True
43,1,140.0,240.0,0,140,0,0.5,1,False,False,False,False,True,False,True,False,True
63,1,140.0,187.0,0,144,0,4.0,1,False,False,False,False,False,False,True,False,True
60,1,117.0,230.0,1,160,0,1.4,1,False,False,False,True,False,False,True,False,True
59,1,140.0,177.0,0,162,0,0.0,1,False,False,False,True,False,False,True,False,True
69,1,122.0,216.0,1,84,0,0.0,1,False,False,False,False,False,False,False,False,True
63,1,136.0,240.0,0,84,0,0.0,1,False,False,False,True,False,True,False,False,True
69,1,140.0,240.0,0,118,0,2.5,1,False,True,False,False,True,False,False,False,False
61,1,110.0,240.0,1,108,0,2.0,1,False,False,False,True,False,False,False,True,False
52,1,122.0,240.0,0,110,0,2.0,1,False,True,False,True,False,False,False,False,False
74,1,155.0,310.0,0,112,0,1.5,1,False,False,False,True,False,False,False,False,True
56,1,128.0,223.0,0,119,0,2.0,1,False,False,False,False,True,False,False,True,False
59,1,167.0,240.0,0,128,0,2.0,1,False,True,False,True,False,False,False,False,False
62,1,115.0,240.0,0,128,0,2.5,1,False,False,False,True,False,False,False,False,False
70,1,170.0,192.0,0,129,0,3.0,1,False,False,False,False,True,False,False,True,False
60,1,132.0,218.0,0,140,0,1.5,1,False,False,False,False,True,False,False,True,False
61,1,146.0,241.0,0,148,0,3.0,1,False,False,False,True,False,False,False,False,False
51,1,95.0,240.0,0,126,0,2.2,1,False,False,False,True,False,True,False,True,False
49,1,130.0,240.0,0,145,0,3.0,1,False,False,True,False,True,True,False,False,True
56,1,120.0,240.0,0,148,0,0.0,1,False,False,False,False,True,True,False,False,False
42,1,145.0,240.0,0,99,0,0.0,1,False,False,False,True,False,True,False,False,True
60,1,142.0,216.0,0,110,0,2.5,1,False,False,False,True,False,True,False,False,True
58,1,126.0,240.0,1,110,0,2.0,1,True,False,False,True,False,True,False,False,True
63,1,140.0,260.0,0,112,0,3.0,1,False,False,False,False,True,True,False,False,True
68,1,138.0,240.0,0,130,0,3.0,1,False,False,False,True,False,True,False,False,False
62,1,135.0,297.0,0,130,0,1.0,1,False,False,False,True,False,True,False,False,False
67,1,160.0,384.0,1,130,0,0.0,1,False,False,False,False,True,True,False,True,False
64,1,150.0,193.0,0,135,0,0.5,1,False,False,False,False,True,True,False,True,False
63,1,130.0,308.0,0,138,0,2.0,1,False,False,False,True,False,True,False,False,False
63,1,110.0,252.0,0,140,0,2.0,1,False,False,False,False,True,True,False,True,False
53,1,154.0,240.0,1,140,0,1.5,1,False,False,False,False,True,True,False,True,False
52,1,128.0,204.0,1,156,0,1.0,1,False,False,False,True,False,True,False,True,False
58,1,116.0,240.0,0,124,0,1.0,1,False,False,False,True,False,False,True,False,False
40,1,95.0,240.0,0,144,0,0.0,1,False,False,False,False,True,False,True,True,False
63,1,140.0,240.0,1,149,0,2.0,1,False,False,False,False,False,False,True,True,False
47,1,110.0,240.0,0,149,0,2.1,1,False,False,False,False,True,False,True,False,True
38,0,105.0,240.0,1,166,0,2.8,1,False,False,False,True,False,False,True,False,True
51,1,130.0,240.0,1,170,0,-0.7,1,False,False,False,True,False,False,True,True,False
41,1,125.0,240.0,1,176,0,1.6,1,False,False,False,True,False,False,True,True,False
52,1,128.0,240.0,0,180,0,3.0,1,False,True,False,False,True,False,True,False,True
51,0,120.0,240.0,1,127,0,1.5,1,False,False,False,True,False,False,True,False,False
55,1,116.0,186.0,1,102,0,0.0,1,False,False,False,False,True,True,False,False,False
72,1,160.0,213.0,1,130,0,1.5,1,False,False,False,False,False,False,True,True,False
52,1,95.0,240.0,0,82,0,0.5,1,False,False,False,True,False,True,False,False,False
58,1,150.0,219.0,0,118,0,0.0,1,False,True,False,False,True,False,False,True,False
58,1,150.0,219.0,0,118,0,0.0,1,False,True,False,False,True,False,False,True,False
69,1,184.0,236.0,1,131,1,0.5,1,False,False,False,True,False,True,False,True,False
58,1,158.0,232.0,0,138,1,0.5,1,False,True,False,False,True,False,False,True,False
60,1,192.0,281.0,0,107,1,0.5,1,False,False,False,False,True,False,True,True,False
51,1,135.0,240.0,1,192,0,0.5,1,False,False,False,False,True,False,True,True,False
62,1,97.0,240.0,1,187,1,0.5,1,False,True,False,False,True,False,True,True,False
69,1,186.0,210.0,1,125,0,0.5,1,False,False,False,False,True,True,False,False,True
64,1,146.0,244.0,1,97,1,0.5,1,False,False,False,False,True,False,True,True,False
61,1,120.0,282.0,0,135,0,4.0,1,False,False,False,False,True,False,False,False,False
59,1,164.0,176.0,1,90,0,1.0,1,False,False,False,False,False,True,False,False,False
50,1,115.0,240.0,0,120,0,0.5,1,False,False,False,True,False,True,False,False,False
50,1,120.0,240.0,0,156,0,0.0,1,False,False,False,False,True,False,True,False,False
65,1,145.0,240.0,1,67,0,0.5,1,False,False,False,False,True,True,False,False,False
59,1,110.0,240.0,0,94,0,0.0,1,False,False,False,True,False,False,False,False,False
57,1,140.0,240.0,1,100,0,0.0,1,False,False,False,True,False,True,False,False,False
62,0,140.0,268.0,0,160,0,3.6,1,False,False,False,False,False,False,False,True,False
64,1,120.0,246.0,0,96,0,2.2,1,False,False,False,False,False,False,False,True,False
53,1,120.0,240.0,0,95,0,0.0,1,True,False,False,True,False,True,False,True,False
51,1,120.0,240.0,1,104,0,0.0,1,False,False,False,True,False,True,False,True,False
62,1,160.0,240.0,0,72,0,0.0,1,False,True,False,True,False,True,False,True,False
54,1,110.0,206.0,0,108,0,0.0,1,False,False,False,False,False,True,False,True,False
54,1,122.0,286.0,0,116,0,3.2,1,False,False,False,False,False,True,False,True,False
47,1,155.0,240.0,0,118,0,1.0,1,False,True,False,True,False,True,False,True,False
67,1,100.0,299.0,0,125,0,0.9,1,False,False,False,False,False,True,False,True,False
64,0,200.0,240.0,0,140,0,1.0,1,False,False,False,True,False,True,False,True,False
58,0,136.0,319.0,1,152,0,0.0,1,True,False,False,False,False,False,True,True,False
61,1,200.0,240.0,0,70,0,0.0,1,False,True,False,False,True,False,False,True,False
62,0,160.0,164.0,0,145,0,6.2,1,False,False,False,False,False,False,False,False,True
61,1,125.0,240.0,0,105,0,0.0,1,False,False,False,True,False,False,False,False,True
55,1,140.0,217.0,0,111,0,5.6,1,False,False,False,True,False,False,False,False,True
56,0,200.0,288.0,1,133,0,4.0,1,False,False,False,False,False,False,False,False,True
62,1,150.0,240.0,1,78,0,2.0,1,False,False,False,False,True,True,False,False,True
61,1,188.0,240.0,1,86,0,1.5,1,False,False,False,False,True,True,False,False,True
62,1,120.0,281.0,0,103,0,1.4,1,True,False,False,False,False,True,False,False,True
61,1,130.0,240.0,0,115,0,0.0,1,False,False,False,False,False,True,False,False,True
49,1,120.0,188.0,0,139,0,2.0,1,False,True,False,True,False,True,False,False,True
39,1,118.0,219.0,0,140,0,1.2,1,False,False,False,True,False,True,False,False,True
60,0,150.0,258.0,0,157,0,2.6,1,False,False,False,False,False,True,False,False,True
67,1,125.0,254.0,1,163,0,0.2,1,False,False,False,True,False,True,False,False,True
48,1,124.0,274.0,0,166,0,0.5,1,False,False,False,False,False,True,False,False,True
53,1,123.0,282.0,0,95,0,2.0,1,False,False,False,True,False,True,False,False,True
60,1,160.0,240.0,0,99,0,0.5,1,False,False,False,False,True,True,False,False,True
56,1,125.0,240.0,1,103,0,1.0,1,False,False,False,True,False,True,False,False,True
66,1,150.0,240.0,0,108,0,2.0,1,False,False,False,True,False,True,False,False,True
54,1,130.0,240.0,1,110,0,3.0,1,False,False,False,True,False,True,False,False,True
70,1,160.0,269.0,0,112,0,2.9,1,False,True,False,True,False,True,False,False,True
40,1,110.0,167.0,0,114,0,2.0,1,False,False,False,False,False,True,False,False,True
57,1,130.0,131.0,0,115,0,1.2,1,False,False,False,True,False,True,False,False,True
43,1,120.0,177.0,0,120,0,2.5,1,False,False,False,False,False,True,False,False,True
51,1,140.0,298.0,0,122,0,4.2,1,False,False,False,True,False,True,False,False,True
67,1,140.0,219.0,0,122,0,2.0,1,False,False,False,False,True,True,False,False,True
50,1,144.0,200.0,0,126,0,0.9,1,False,False,False,False,False,True,False,False,True
54,1,110.0,239.0,0,126,0,2.8,1,False,False,False,True,False,True,False,False,True
58,1,128.0,259.0,0,130,0,3.0,1,False,False,False,False,False,True,False,False,True
55,0,128.0,205.0,0,130,0,2.0,1,False,False,False,False,True,True,False,False,True
55,1,132.0,353.0,0,132,0,1.2,1,False,False,False,True,False,True,False,False,True
45,1,142.0,309.0,0,147,0,0.0,1,False,False,False,False,False,True,False,False,True
68,1,180.0,274.0,1,150,0,1.6,1,False,True,False,False,False,True,False,False,True
70,1,140.0,240.0,1,157,0,2.0,1,False,False,False,True,False,True,False,False,True
66,0,178.0,228.0,1,165,0,1.0,1,False,False,False,True,False,True,False,False,True
52,1,125.0,212.0,0,168,0,1.0,1,False,False,False,True,False,False,True,False,True
58,1,132.0,224.0,0,173,0,3.2,1,False,True,False,False,False,False,True,False,True
60,1,135.0,240.0,0,63,0,0.5,1,False,False,False,True,False,False,True,False,True
58,1,150.0,270.0,0,111,0,0.8,1,False,False,False,False,False,False,True,False,True
68,1,135.0,240.0,0,120,0,0.0,1,False,False,False,False,True,False,True,False,True
63,1,130.0,330.0,1,132,0,1.8,1,False,False,False,False,False,False,True,False,True
48,1,130.0,256.0,1,150,0,0.0,1,False,False,False,False,False,False,True,False,True
65,1,160.0,240.0,1,122,0,0.5,1,False,False,False,False,True,True,False,False,True
35,1,118.0,240.0,1,130,0,0.5,1,False,False,False,True,False,True,False,False,True
69,1,151.0,240.0,0,149,1,0.5,1,False,False,False,False,True,False,True,False,True
61,1,142.0,200.0,1,100,0,1.5,1,False,False,True,False,True,False,False,True,False
43,1,100.0,240.0,0,122,0,1.5,1,False,False,False,True,False,False,False,True,False
67,1,120.0,240.0,1,150,0,1.5,1,False,False,False,True,False,False,False,False,True
57,1,156.0,173.0,0,119,0,3.0,1,False,False,False,False,False,False,False,True,False
74,1,150.0,258.0,1,130,0,4.0,1,False,False,False,False,True,False,False,False,True
59,1,125.0,222.0,0,135,0,2.5,1,False,False,False,True,False,False,False,False,False
61,1,130.0,240.0,1,77,0,2.5,1,False,False,False,True,False,True,False,False,True
55,1,130.0,240.0,0,155,0,1.5,1,False,True,False,True,False,True,False,False,True
61,1,120.0,240.0,0,80,0,0.0,1,False,True,False,True,False,True,False,False,False
63,1,150.0,240.0,0,86,0,2.0,1,False,False,False,True,False,True,False,False,False
72,1,120.0,214.0,0,102,0,1.0,1,False,True,False,True,False,True,False,False,False
63,1,160.0,230.0,1,105,0,1.0,1,False,False,False,True,False,True,False,True,False
75,1,136.0,225.0,0,112,0,3.0,1,False,False,False,True,False,True,False,False,True
65,1,150.0,235.0,0,120,0,1.5,1,False,False,False,True,False,True,False,False,False
64,1,144.0,240.0,0,122,0,1.0,1,False,False,False,False,True,True,False,True,False
53,1,144.0,300.0,1,128,0,1.5,1,False,False,False,False,True,True,False,False,True
54,1,136.0,220.0,0,140,0,3.0,1,False,False,False,True,False,True,False,False,True
57,1,144.0,270.0,1,160,0,2.0,1,False,False,False,False,True,True,False,True,False
60,1,125.0,240.0,1,110,0,0.1,1,False,False,False,True,False,False,True,True,False
67,1,142.0,270.0,1,125,0,2.5,1,False,False,True,True,False,False,True,False,False
63,1,150.0,240.0,0,154,0,3.7,1,False,False,False,False,True,False,True,False,True
77,1,124.0,171.0,0,110,0,2.0,1,False,False,False,False,True,False,True,False,True
58,1,160.0,256.0,1,113,0,1.0,1,False,False,False,False,False,False,True,False,False
57,1,110.0,240.0,0,131,0,1.4,1,False,False,False,False,True,False,True,False,True
60,1,120.0,240.0,0,141,0,2.0,1,False,True,False,True,False,False,True,True,False
48,1,140.0,374.0,0,159,0,1.5,1,False,False,False,True,False,False,True,False,True
55,1,172.0,260.0,0,73,0,2.0,1,False,False,False,True,False,False,False,True,False
63,1,160.0,267.0,1,88,0,2.0,1,False,False,False,False,True,False,True,True,False
61,1,120.0,337.0,0,98,0,0.0,1,False,True,False,True,False,True,False,False,True
65,1,150.0,236.0,1,105,0,0.0,1,False,False,False,False,True,True,False,True,False
63,1,130.0,240.0,0,111,0,0.0,1,False,True,False,False,True,True,False,False,True
71,1,130.0,221.0,0,115,0,0.0,1,False,False,False,False,True,True,False,True,False
69,1,140.0,208.0,0,140,0,2.0,1,False,False,False,False,True,False,True,True,False
65,1,126.0,312.0,0,156,0,0.5,1,False,False,False,False,False,False,False,True,False
49,1,137.0,142.0,0,68,0,0.5,1,False,True,False,True,False,True,False,True,False
71,1,175.0,221.0,0,194,0,0.5,1,False,True,False,True,False,False,True,False,True
51,1,151.0,339.0,0,122,0,0.5,1,False,True,False,True,False,False,True,False,False
67,1,182.0,369.0,0,101,1,0.5,1,False,False,False,True,False,True,False,False,False
74,1,196.0,216.0,1,120,0,0.5,1,False,False,True,True,False,False,True,False,True
54,1,112.0,240.0,0,68,1,0.5,1,False,False,False,False,True,False,True,False,True
55,1,193.0,228.0,0,144,1,0.5,1,False,True,False,False,True,False,True,False,False
61,1,161.0,292.0,0,73,1,0.5,1,False,False,False,False,True,False,False,True,False
69,1,154.0,289.0,1,128,1,0.5,1,False,False,False,False,True,True,False,False,False
64,1,134.0,306.0,1,73,1,0.5,1,False,False,False,False,True,False,True,False,True
60,1,186.0,316.0,1,70,1,0.5,1,False,True,False,False,True,True,False,False,False
58,1,114.0,318.0,0,140,0,4.4,1,False,False,False,False,True,False,False,False,False
64,1,145.0,212.0,0,132,0,2.0,1,False,False,False,False,False,True,False,False,False
58,1,130.0,240.0,0,100,0,1.0,1,False,False,False,False,True,True,False,False,False
61,1,138.0,166.0,0,125,0,3.6,1,False,False,False,False,False,True,False,True,False
77,1,125.0,304.0,0,162,0,0.0,1,False,False,False,False,False,False,True,True,False
70,1,145.0,174.0,0,125,0,2.6,1,False,False,False,True,False,False,False,False,True
65,0,150.0,225.0,0,114,0,1.0,1,False,False,False,False,False,True,False,False,True
57,1,165.0,289.0,1,124,0,1.0,1,False,False,False,False,False,True,False,False,True
50,1,150.0,243.0,0,128,0,2.6,1,False,False,False,False,False,True,False,False,True
63,0,150.0,407.0,0,154,0,4.0,1,False,False,False,False,False,True,False,False,True
58,1,112.0,230.0,0,165,0,2.5,1,False,True,False,False,False,True,False,False,True
60,1,130.0,206.0,0,132,0,2.4,1,False,False,False,False,False,True,False,False,True
55,1,160.0,289.0,0,145,0,0.8,1,False,False,False,False,False,True,False,False,True
43,1,115.0,240.0,0,145,0,2.0,1,False,False,False,True,False,True,False,False,True
38,1,120.0,231.0,0,182,0,3.8,1,False,False,True,True,False,True,False,False,True
55,1,120.0,240.0,0,92,0,0.3,1,False,False,False,False,True,False,True,False,True
76,1,104.0,109.0,0,120,0,3.5,1,False,True,False,False,False,False,False,True,False
63,1,170.0,177.0,0,84,0,2.5,1,False,False,False,True,False,False,False,True,False
64,1,134.0,273.0,0,102,0,4.0,1,False,False,False,True,False,False,False,True,False
65,1,136.0,248.0,0,140,0,4.0,1,False,False,False,True,False,False,False,False,True
61,1,190.0,287.0,1,150,0,2.0,1,False,False,False,False,False,False,False,False,True
51,1,110.0,240.0,1,92,0,0.0,1,False,False,False,True,False,True,False,False,False
62,1,160.0,254.0,1,108,0,3.0,1,False,False,False,False,True,True,False,True,False
53,1,125.0,240.0,0,120,0,1.5,1,False,False,False,True,False,False,True,False,True
62,1,166.0,170.0,0,120,0,3.0,1,False,False,False,False,True,True,False,False,True
56,1,170.0,240.0,0,123,0,2.5,1,False,True,False,False,False,False,False,True,False
56,1,144.0,208.0,1,105,1,0.5,1,False,True,False,False,True,False,False,False,False
57,1,142.0,277.0,1,182,0,0.5,1,False,False,False,False,True,True,False,False,True
